ID,商品名1,商品名2,価格,カテゴリ,おすすめ,在庫
1,グレンアラヒー,12年,1500,スコッチ・スペイサイド,0,1
2,グレンアラヒー,15年,1800,スコッチ・スペイサイド,0,1
3,グレンフィディック,12年,900,スコッチ・スペイサイド,0,1
4,グレンフィディック,15年,1300,スコッチ・スペイサイド,0,1
5,グレンフィディック,マスターエディション,1000,スコッチ・スペイサイド,0,1
6,グレンフィディック,プロジェクトXX,1400,スコッチ・スペイサイド,0,1
7,グレンフィディック,スペシャルオールドリザーブ,1300,スコッチ・スペイサイド,0,1
8,グレンフィディック,21年グランレゼルヴァ,4000,スコッチ・スペイサイド,0,1
9,グレングラント,アルボラリス,700,スコッチ・スペイサイド,0,1
10,グレングラント,10年,800,スコッチ・スペイサイド,0,1
11,グレングラント,12年,900,スコッチ・スペイサイド,0,1
12,グレンファークラス,10年,900,スコッチ・スペイサイド,0,1
13,グレンファークラス,12年,1000,スコッチ・スペイサイド,0,1
14,グレンファークラス,15年,1600,スコッチ・スペイサイド,0,1
15,グレンファークラス,ファミリーカスク1987,18000,スコッチ・スペイサイド,0,1
16,グレンファークラス,ファミリーカスク1993,15000,スコッチ・スペイサイド,0,1
17,グレンファークラス,ファミリーカスク1996,9500,スコッチ・スペイサイド,0,1
18,バルヴェニー,12年ダブルウッド,1600,スコッチ・スペイサイド,0,1
19,バルヴェニー,14年カリビアンカスク,2400,スコッチ・スペイサイド,0,1
20,マッカラン,12年シェリーオークカスク,1800,スコッチ・スペイサイド,0,1
21,マッカラン,18年シェリーオークカスク,8000,スコッチ・スペイサイド,0,1
22,マッカラン,レアカスク2023,4800,スコッチ・スペイサイド,0,1
23,ベンリアック,10年,900,スコッチ・スペイサイド,0,1
24,ベンリアック,12年スモーキー,1200,スコッチ・スペイサイド,0,1
25,インチガワー,14年(花と動物シリーズ),1500,スコッチ・スペイサイド,0,1
26,リンクウッド,12年(花と動物シリーズ),1500,スコッチ・スペイサイド,0,1
27,キャパドニック,21年,3000,スコッチ・スペイサイド,0,1
28,キャパドニック,30年,12000,スコッチ・スペイサイド,0,1
29,ザ　シングルトン,ダフタウン12年,700,スコッチ・スペイサイド,0,1
30,クラガンモア,12年,1200,スコッチ・スペイサイド,0,1
31,グレンマレイ,16年,1500,スコッチ・スペイサイド,0,1
32,ローズアイル,12年,2200,スコッチ・スペイサイド,0,1
33,グレンドロナック,12年,1100,スコッチ・ハイランド,0,1
34,グレンドロナック,15年,1900,スコッチ・ハイランド,0,1
35,グレンモーレンジィ,12年,800,スコッチ・ハイランド,0,1
36,グレンモーレンジィ,12年ラサンタ,1100,スコッチ・ハイランド,0,1
37,グレンモーレンジィ,16年ネクター,1300,スコッチ・ハイランド,0,1
38,グレンモーレンジィ,18年インフィニータ,2000,スコッチ・ハイランド,0,1
39,オーバン,12年スペシャルリリース2025CS,2800,スコッチ・ハイランド,0,1
40,オーバン,14年,1600,スコッチ・ハイランド,0,1
41,ロイヤルブラックラ,12年,1300,スコッチ・ハイランド,0,1
42,ロイヤルブラックラ,18年,2200,スコッチ・ハイランド,0,1
43,ロイヤルブラックラ,21年,3600,スコッチ・ハイランド,0,1
44,ブレアアソール,12年(花と動物シリーズ),1700,スコッチ・ハイランド,0,1
45,ロイヤルロッホナガー,12年,900,スコッチ・ハイランド,0,1
46,ダルヴィニー,15年,1300,スコッチ・ハイランド,0,1
47,クライヌリッシュ,14年,1300,スコッチ・ハイランド,0,1
48,グレンキンチー,12年,900,スコッチ・ローランド,0,1
49,キャンベルタウンロッホ,,1800,スコッチ・キャンベルタウン,0,1
50,スプリングバンク,10年,2000,スコッチ・キャンベルタウン,0,1
51,ザ・ゴールドロンズ,エクリプス,2400,スコッチ・キャンベルタウン,0,1
52,タリスカー,10年,900,スコッチ・アイランズ,0,1
53,タリスカー,ポートリー,1700,スコッチ・アイランズ,0,1
54,アラン,バレルリザーブ,900,スコッチ・アイランズ,0,1
55,アラン,10年,1200,スコッチ・アイランズ,0,1
56,アラン,クォーターカスク,1300,スコッチ・アイランズ,0,1
57,アラン,シェリーカスク,1600,スコッチ・アイランズ,0,1
58,ラグ,キルモリーエディション,1300,スコッチ・アイランズ,0,1
59,ハイランドパーク,12年,900,スコッチ・アイランズ,0,1
60,アードベッグ,5年ウィービースティー,800,スコッチ・アイラ,0,1
61,アードベッグ,10年,1000,スコッチ・アイラ,0,1
62,アードベッグ,アンオー,1400,スコッチ・アイラ,0,1
63,アードベッグ,ウーガダール,1500,スコッチ・アイラ,0,1
64,アードベッグ,アードコア,2500,スコッチ・アイラ,0,1
65,アードベッグ,スモーキーバース,2700,スコッチ・アイラ,0,1
66,アードベッグ,ヘビーヴェーパーズ,3000,スコッチ・アイラ,0,1
67,ラフロイグ,10年,1300,スコッチ・アイラ,0,1
68,ラフロイグ,10年カスクストレングス(バッチ16),2000,スコッチ・アイラ,0,1
69,ラフロイグ,10年シェリーオークフィニッシュ,2000,スコッチ・アイラ,0,1
70,ラフロイグ,PXカスク,1300,スコッチ・アイラ,0,1
71,ボウモア,12年,1200,スコッチ・アイラ,0,1
72,ボウモア,12年シェリーカスク,1300,スコッチ・アイラ,0,1
73,ボウモア,15年,1500,スコッチ・アイラ,0,1
74,ラガヴーリン,8年,1200,スコッチ・アイラ,0,1
75,ラガヴーリン,12年カスクストレングス,3200,スコッチ・アイラ,0,1
76,ラガヴーリン,16年,1600,スコッチ・アイラ,0,1
77,アードナッホー,インフィニットロッホ,1800,スコッチ・アイラ,0,1
78,アードナッホー,ボルサ,1900,スコッチ・アイラ,0,1
79,ブルックラディ,ザ・クラシック・ラディ,1000,スコッチ・アイラ,0,1
80,ポートシャーロット,10年,1200,スコッチ・アイラ,0,1
81,カリラ,12年,1100,スコッチ・アイラ,0,1
82,キルホーマン,マキヤーベイ,1400,スコッチ・アイラ,0,1
83,ブナハーブン,12年,1200,スコッチ・アイラ,0,1
84,オクトモア,16.1,3200,スコッチ・アイラ,0,1
85,デュワーズ,ホワイトラベル,500,スコッチ・ブレンデッド,0,1
86,デュワーズ,12年,600,スコッチ・ブレンデッド,0,1
87,デュワーズ,15年,1100,スコッチ・ブレンデッド,0,1
88,デュワーズ,ダブルダブル21年,2700,スコッチ・ブレンデッド,0,1
89,モンキーショルダー,,800,スコッチ・ブレンデッド,0,1
90,モンキーショルダー,スモーキーモンキー,1000,スコッチ・ブレンデッド,0,1
91,ジョニーウォーカー,黒ラベル80年代流通,900,スコッチ・ブレンデッド,0,1
92,ジョニーウォーカー,黒ラベル90年代流通,600,スコッチ・ブレンデッド,0,1
93,ジョニーウォーカー,ブルーラベル,2800,スコッチ・ブレンデッド,0,1
94,ホワイトホース,1989年以前,900,スコッチ・ブレンデッド,0,1
95,シーバスリーガル,12年,500,スコッチ・ブレンデッド,0,1
96,シーバスリーガル,12年旧,500,スコッチ・ブレンデッド,0,1
97,シーバスリーガル,ミズナラ12年,800,スコッチ・ブレンデッド,0,1
98,シーバスリーガル,13年オロロソシェリーカスク,800,スコッチ・ブレンデッド,0,1
99,カティーサーク,,500,スコッチ・ブレンデッド,0,1
100,グレンドーワン,,500,スコッチ・ブレンデッド,0,1
101,バランタイン,ファイネスト,500,スコッチ・ブレンデッド,0,1
102,フェイマスグラウス,,500,スコッチ・ブレンデッド,0,1
103,ホワイト＆マッカイ,,500,スコッチ・ブレンデッド,0,1
104,オールドパー,12年,700,スコッチ・ブレンデッド,0,1
105,ザ・ディーコン,,700,スコッチ・ブレンデッド,0,1
106,ウシュクベー,リザーブ,1000,スコッチ・ブレンデッド,0,1
107,ビッグT,5年ゴールドラベル,1200,スコッチ・ブレンデッド,0,1
108,ロイヤルハウスホールド,,5500,スコッチ・ブレンデッド,0,1
109,アーリータイムズ,ホワイトラベル,500,アメリカン・バーボン,0,1
110,オールドクロウ,,500,アメリカン・バーボン,0,1
111,ジムビーム,,500,アメリカン・バーボン,0,1
112,ジャックダニエル,,600,アメリカン・テネシー,0,1
113,ジャックダニエル,オールドNo7旧,1200,アメリカン・テネシー,0,1
114,ジャックダニエル,シングルバレル,1100,アメリカン・テネシー,0,1
115,ジャックダニエル,ジェントルマンジャック,700,アメリカン・テネシー,0,1
116,ウッドフォードリザーブ,,800,アメリカン・バーボン,0,1
117,ウッドフォードリザーブ,ダブルオークド,1300,アメリカン・バーボン,0,1
118,メーカーズマーク,レッドトップ,700,アメリカン・バーボン,0,1
119,ワイルドターキー,8年,700,アメリカン・バーボン,0,1
120,ノブクリーク,9年,800,アメリカン・バーボン,0,1
121,ブレット,バーボン,800,アメリカン・バーボン,0,1
122,バッファロートレース,,700,アメリカン・バーボン,0,1
123,ホイッスルピッグ,10年,1000,アメリカン・ライ,0,1
124,I.W.ハーパー,12年,1300,アメリカン・バーボン,0,1
125,I.W.ハーパー,ゴールドメダル特級,1800,アメリカン・バーボン,0,1
126,ミクターズ,US1,1400,アメリカン・バーボン,0,1
127,エンジェルズエンヴィ,,1600,アメリカン・バーボン,0,1
128,ブラントン,,2000,アメリカン・バーボン,0,1
129,サントリー,角瓶,500,ジャパニーズ,0,1
130,サントリーオールド,,500,ジャパニーズ,0,1
131,サントリーリザーブ,,600,ジャパニーズ,0,1
132,サントリーレッド,,500,ジャパニーズ,0,1
133,サントリーローヤル,80年代前後流通,500,ジャパニーズ,0,0
134,サントリーローヤル,60,1000,ジャパニーズ,0,1
135,サントリーローヤル,15年ゴールドラベル,2000,ジャパニーズ,0,1
136,ブラックニッカクリアブレンド,,500,ジャパニーズ,0,1
137,ニッカフロンティア,,600,ジャパニーズ,0,1
138,ニッカセッション奏楽,,700,ジャパニーズ,0,1
139,フロム・ザ・バレル,,800,ジャパニーズ,1,1
140,アマハガン,エディションno.1,900,ジャパニーズ,0,1
141,アマハガン,エディションNo.2,1200,ジャパニーズ,0,1
142,アマハガン,エディションNo.3,1400,ジャパニーズ,0,1
143,アマハガン,山桜ウッドフィニッシュ,1200,ジャパニーズ,0,1
144,山崎,,1400,ジャパニーズ,0,1
145,山崎,12年,3000,ジャパニーズ,0,1
146,白州,,1400,ジャパニーズ,0,1
147,白州,12年,3000,ジャパニーズ,0,1
148,響,ジャパニーズハーモニー,1500,ジャパニーズ,0,1
149,知多,,1000,ジャパニーズ,0,1
150,宮城峡,,1200,ジャパニーズ,0,1
151,余市,,1200,ジャパニーズ,0,1
152,竹鶴,,1300,ジャパニーズ,0,1
153,桜尾,,1200,ジャパニーズ,0,1
154,桜尾,シェリーカスク,2300,ジャパニーズ,0,1
155,イチローズモルト,モルト&グレーンワールドブレンデッド,700,ジャパニーズ,0,1
156,戸河内,シングルモルト,1300,ジャパニーズ,0,1
157,戸河内,プレミアムブレンデッド,700,ジャパニーズ,0,1
158,御岳,ファーストエディション,2800,ジャパニーズ,0,1
159,タカゾーリボーン,プラムワインカスクフィニッシュ,1000,ジャパニーズ,0,1
160,タカゾーリボーン,ミズナラカスク,1300,ジャパニーズ,0,1
161,六甲山,杉樽フィニッシュ5年,1500,ジャパニーズ,0,1
162,六甲山,水楢5年,1800,ジャパニーズ,0,1
163,六甲山,スモーキーエディション,1000,ジャパニーズ,0,1
164,津貫,2026エディション,1400,ジャパニーズ,0,1
165,オリジナルウイスキー,龍流(ﾘｭｳﾘｭｳ),700,ジャパニーズ,0,1
166,オリジナルウイスキー,姫卯(ﾋﾒｳｻｷﾞ),1400,ジャパニーズ,0,1
167,オリジナルウイスキー,琥月(ｺｹﾞﾂ),2800,ジャパニーズ,0,1
168,ニッカ,鶴,2500,ジャパニーズ,0,1
169,厚岸,小寒(ｼｮｳｶﾝ),2900,ジャパニーズ,0,1
170,厚岸,立秋(ﾘｯｼｭｳ),2900,ジャパニーズ,0,1
171,ジェムソン,,500,アイリッシュ,0,1
172,バスカー,緑,500,アイリッシュ,0,1
173,イーガンズ,ボンダーズブレンド,700,アイリッシュ,0,1
174,イーガンズ,ヴィンテージグレーン,1000,アイリッシュ,0,1
175,イーガンズ,エンデヴァー,1000,アイリッシュ,0,1
176,ブッシュミルズ,10年,800,アイリッシュ,0,1
177,ブッシュミルズ,12年,1000,アイリッシュ,0,1
178,クロナキルティ,ダブルオーク,1100,アイリッシュ,0,1
179,クロナキルティ,ポートカスクフィニッシュ,1100,アイリッシュ,0,1
180,グリーンスポット,,900,アイリッシュ,1,1
181,ブルースポット,7年,1400,アイリッシュ,0,1
182,イエロースポット,12年,1600,アイリッシュ,0,1
183,レッドスポット,15年,2000,アイリッシュ,0,1
184,カナディアンクラブ,,500,カナディアン,0,1
185,カナディアンクラブ,6年,800,カナディアン,0,1
186,クラウンローヤル,,500,カナディアン,0,1
187,クラウンローヤル,リザーブ,700,カナディアン,0,1
188,カバラン,ディストラリーセレクトNo.1,900,その他ウイスキー,0,1
189,カバラン,ディストラリーセレクトNo.2,900,その他ウイスキー,0,1
190,カバラン,クラシック,1700,その他ウイスキー,0,1
191,サントリー,碧Ao,900,その他ウイスキー,0,1
192,タンカレー,,600,ジン,0,1
193,タンカレー,No.10,900,ジン,0,1
194,ビーフィーター,,600,ジン,0,1
195,桜尾ジン,,600,ジン,0,1
196,翠,,600,ジン,0,1
197,ボンベイ,サファイア,700,ジン,0,1
198,SiCX京都,スパイスマジックジン,800,ジン,0,1
199,SiCX京都,トロピカルマンゴージン,800,ジン,0,1
200,SiCX京都,レモンシトリックアシッドジン,800,ジン,0,1
201,SiCX京都,EBISUジン,1000,ジン,0,1
202,瀬戸内,甘夏,800,ジン,0,1
203,瀬戸内,檸檬,800,ジン,0,1
204,ゴールド999.9,,900,ジン,0,1
205,季の美,,900,ジン,0,1
206,ジンマーレ,,900,ジン,0,1
207,六,ジン,800,ジン,0,1
208,クロナキルティ,ミンクジン,1000,ジン,0,1
209,サイレントプール,,1000,ジン,0,1
210,スケープグレイス,ブラックジン,1000,ジン,0,1
211,スケープグレイス,ブラッドオレンジジン,1200,ジン,0,1
212,ブルーラビット,ディスティラリートーキョードライジン,1000,ジン,0,1
213,ヤマレスト,オーディナリージン,1000,ジン,0,1
214,舞輪源,フレッシュクラフトジン,1200,ジン,0,1
215,スミノフ,,600,ウォッカ,0,1
216,グレイグース,,900,ウォッカ,0,1
217,バカルディ,スペリオールホワイトラム,600,ラム,0,1
218,ディプロマティコ,レゼルバエクスクルーシバ,900,ラム,0,1
219,プランテーション,バルバドスXO,1400,ラム,0,1
220,トレスレイス,シルバー,600,テキーラ,0,1
221,トレスレイス,ゴールド,600,テキーラ,0,1
222,エラドゥーラ・プラタ,シルバー,900,テキーラ,0,1
223,パトロン,シルバー,1200,テキーラ,0,1
224,パトロン,エルアルト,2500,テキーラ,0,1
225,クラセアスール,レポサド,2500,テキーラ,1,1
226,サントリーV.S.O.P,,500,ブランデー,0,1
227,サントリーX.O,,600,ブランデー,0,1
228,ピスコポルトン,アチョラード,1200,ブランデー,0,1
229,ピスコポルトン,モジャール,1200,ブランデー,0,1
230,魔王,芋焼酎,500,焼酎,0,1
231,森伊蔵,芋焼酎,1000,焼酎,0,1
232,罪人,芋焼酎,500,焼酎,0,1
233,佐藤麦,麦焼酎,600,焼酎,0,1
234,いいちこフラスコ,麦焼酎,500,焼酎,0,1
235,梅酒,山崎蒸溜所貯蔵,600,リキュール,0,1
236,ジファール,ライチ,900,リキュール,0,1
237,ジファール,ビガレ・シナシナ,900,リキュール,0,1
238,ジファール,カフェ,900,リキュール,0,1
239,ジファール,マントパスティーユ,900,リキュール,0,1
240,ジファール,ブルーキュラソー,900,リキュール,0,1
241,ジファール,フルール・ド・スュロ・ソヴァージュ,900,リキュール,0,1
242,クレーム・ド・カシス,,600,リキュール,0,1
243,シャンキーズウィップ,,1000,リキュール,0,1
244,カンパリ,,600,リキュール,0,1
245,ベイリーズ,,600,リキュール,0,1
246,マンゴヤン,,600,リキュール,0,1
247,巨峰紫,,600,リキュール,0,1
248,コアントロー,,600,リキュール,0,1
249,アペロール,,600,リキュール,0,1
250,ディサローノ,アマレット,600,リキュール,0,1
251,モーツァルト,,500,リキュール,0,1
252,戸河内,珈琲,600,リキュール,0,1
253,奏,抹茶,500,リキュール,0,1
254,ジャックダニエル,テネシーハニー,500,リキュール,0,1
255,ジェット27,,500,リキュール,0,1
256,ティフィン,,600,リキュール,0,1
257,フォション,,500,リキュール,0,1
258,カネマラ,オリジナル,700,アイリッシュ,0,1
259,宮城峡,10年,2300,ジャパニーズ,0,1
260,余市,10年,2300,ジャパニーズ,0,1
261,サントリー,白角,900,ジャパニーズ,0,1
262,コンパスボックス,オーチャードハウス,1000,スコッチ・ブレンデッド,1,1
263,オクトモア,16.3,3800,スコッチ・アイラ,0,1
264,アードベッグ,10年カスクストレングス,2300,スコッチ・アイラ,0,1
265,ブルックラディ,ザ・クラシック・ラディ10年,1000,スコッチ・アイラ,0,1
266,アードベッグ,コリーヴレッカン,1700,スコッチ・アイラ,0,1
267,ザ・ゴールドロンズ,キャンベルタウンブレンデッドモルト,1000,スコッチ・キャンベルタウン,0,1
268,アードナムルッカン,,1200,スコッチ・ハイランド,0,1
269,グレンファークラス,25年,3600,スコッチ・スペイサイド,0,1
270,グレンファークラス,105カスクストレングス,1300,スコッチ・スペイサイド,1,1
271,グレンリベット,12年,800,スコッチ・スペイサイド,0,1
272,グレンアラヒー,18年,2600,スコッチ・スペイサイド,0,1
273,スプリングバンク,5年100proof,2300,スコッチ・キャンベルタウン,0,1
274,スプリングバンク,15年,3000,スコッチ・キャンベルタウン,0,1
275,コンパスボックス,ネクタロシティ,1200,スコッチ・ブレンデッド,0,1
276,コンパスボックス,ピートモンスター,1200,スコッチ・ブレンデッド,0,1
277,六,SAKURA BLOOM EDITION,1000,ジン,0,1
278,イチローズモルト,ワインウッドリザーブ,1100,ジャパニーズ,0,1
279,イチローズモルト,ミズナラウッドリザーブ,1200,ジャパニーズ,0,1
280,イチローズモルト,ダブルディスティラリーズ,1200,ジャパニーズ,0,1
281,エドラダワー,10年,1200,スコッチ・ハイランド,0,1
282,エドラダワー,12年カレドニア,1500,スコッチ・ハイランド,0,1
283,キルケラン,12年,1500,スコッチ・キャンベルタウン,0,1
284,ロングロウ,ピーテッド,1500,スコッチ・キャンベルタウン,0,1
285,グレンスコシア,10年,800,スコッチ・キャンベルタウン,0,1
286,グレンスコシア,ダブルカスク,800,スコッチ・キャンベルタウン,0,1
287,リンクウッド,10年リザーブカスクパーセル8,1800,スコッチ・スペイサイド,0,1
288,エドラダワー,10年200周年記念PXシェリーカスク,2100,スコッチ・ハイランド,0,1
289,ブレアアソール,12年マルゴーカスクフィニッシュ(BBR),2600,スコッチ・ハイランド,0,1
290,ヘーゼルバーン,8年オロロソカスク,3500,スコッチ・キャンベルタウン,0,1
291,サントリーローヤル,,600,ジャパニーズ,0,1
292,クエルボ1800,クリスタリーノ,1200,テキーラ,0,1
293,I.W.ハーパー,ゴールドメダル,500,アメリカン・バーボン,0,1
294,ドンフリオ,1942,2500,テキーラ,0,1
295,クラセアスール,ブランコアウマード,4000,テキーラ,0,1
296,クラセアスール,ゴールド,4600,テキーラ,0,1
297,イーガンズ,10年コンヴィクション,1300,アイリッシュ,0,1
298,グレンモーレンジィ,シグネット,2900,スコッチ・ハイランド,0,1
299,アマハガン,ワールドモルトベーシックブレンド,900,ジャパニーズ,0,1
300,アシエンダ デ テパ,ブラックテキーラ,700,テキーラ,0,1
301,コンパスボックス,スパイスツリー,1100,スコッチ・ブレンデッド,0,1
302,マッカラン,12年ダブルカスク,1400,スコッチ・スペイサイド,0,1
303,ロン サカパ,23年,900,ラム,0,1
304,カナディアンクラブ,12年クラシック,600,カナディアン,0,1
305,シーバスリーガル,18年ミズナラカスクフィニッシュ,1500,スコッチ・ブレンデッド,0,1
306,グレンフィディック,オーチャードエクスペリエンス,1200,スコッチ・スペイサイド,0,1
307,ボウモア,11年,1400,スコッチ・アイラ,0,1
308,ボウモア,レジェンド,700,スコッチ・アイラ,0,1
309,ボウモア,16年ルビーポートカスクフィニッシュ,2100,スコッチ・アイラ,0,1
310,ビッグピート,,800,スコッチ・ブレンデッド,0,1
311,ビッグピート,12年,1200,スコッチ・ブレンデッド,0,1
312,キャプテンモルガン,プライベートストック,700,ラム,0,0


